File Path,Solution,Time
20170720144107749299_getCapchaImage.do.jpg,corams,5.39505
20170720144042889308_getCapchaImage.do.jpg,forthly,5.324572
20170720144040742582_getCapchaImage.do.jpg,spases,8.568714
20170720144039557189_getCapchaImage.do.jpg,sprhers,12.956448
20170720144046478498_getCapchaImage.do.jpg,ticrets,5.369346
20170720144041883751_getCapchaImage.do.jpg,plaared,8.583544
20170720144053459318_getCapchaImage.do.jpg,banbed,5.405948
20170720144142735665_getCapchaImage.do.jpg,toeamin,8.594338
20170720144130848743_getCapchaImage.do.jpg,tiling,10.740358
20170720144058491513_getCapchaImage.do.jpg,floters,8.56413
20170720144055050424_getCapchaImage.do.jpg,harires,5.352656
20170720144143914380_getCapchaImage.do.jpg,whiust,12.991051
20170720144032257176_getCapchaImage.do.jpg,colrtax,5.436725
20170720144053855812_getCapchaImage.do.jpg,stoner,5.377498
20170720144043836117_getCapchaImage.do.jpg,lonerts,13.041613
20170720144028545084_getCapchaImage.do.jpg,mysixed,10.872024
20170720144133477948_getCapchaImage.do.jpg,fiswer,5.294766
20170720144029401497_getCapchaImage.do.jpg,deeing,5.353757
20170720144036326293_getCapchaImage.do.jpg,deaters,8.512866
20170720144057387761_getCapchaImage.do.jpg,stoebra,8.518475
20170720144130913647_getCapchaImage.do.jpg,dogings,5.33206
20170720144108657793_getCapchaImage.do.jpg,waxded,8.612591
20170720144144269750_getCapchaImage.do.jpg,kinrall,8.609
20170720144124443408_getCapchaImage.do.jpg,footing,18.369968
20170720144050333120_getCapchaImage.do.jpg,oopen,10.813852
20170720144059578868_getCapchaImage.do.jpg,thrten,10.699917
20170720144054722943_getCapchaImage.do.jpg,drihts,8.573824
20170720144054649080_getCapchaImage.do.jpg,fatgue,5.361781
20170720144143194927_getCapchaImage.do.jpg,hummg,8.593565
20170720144038816158_getCapchaImage.do.jpg,fraered,13.048115
20170720144034032568_getCapchaImage.do.jpg,deaged,12.992617
20170720144031015784_getCapchaImage.do.jpg,angths,3.141162
20170720144126640185_getCapchaImage.do.jpg,evecks,5.375777
20170720144032647747_getCapchaImage.do.jpg,gongers,8.526457
20170720144115304406_getCapchaImage.do.jpg,smeked,5.38833
20170720144051001197_getCapchaImage.do.jpg,tnyft,3.118607
20170720144055816455_getCapchaImage.do.jpg,gunges,3.125765
20170720144100498855_getCapchaImage.do.jpg,bkorits,8.610597
20170720144039819120_getCapchaImage.do.jpg,beaces,8.607636
20170720144026566388_getCapchaImage.do.jpg,Waxned,8.525479
20170720144034715279_getCapchaImage.do.jpg,dowtsrs,10.787654
20170720144132249518_getCapchaImage.do.jpg,wlnters,8.542068
20170720144027840613_getCapchaImage.do.jpg,bonced,5.310028
20170720144046888039_getCapchaImage.do.jpg,twezels,13.117821
20170720144040356306_getCapchaImage.do.jpg,commal,8.589997
20170720144103483894_getCapchaImage.do.jpg,poided,9.222904
20170720144029724888_getCapchaImage.do.jpg,schder,8.628023
20170720144117049095_getCapchaImage.do.jpg,colhel,8.59219
20170720144139074883_getCapchaImage.do.jpg,weeteps,3.124453
20170720144107617208_getCapchaImage.do.jpg,rooring,8.558779
20170720144027384311_getCapchaImage.do.jpg,tennged,8.6141
20170720144045012082_getCapchaImage.do.jpg,looides,27.074207
20170720144036108696_getCapchaImage.do.jpg,unsing,8.595303
20170720144122463598_getCapchaImage.do.jpg,taiarth,8.592924
20170720144124040260_getCapchaImage.do.jpg,darased,8.551809
20170720144129028710_getCapchaImage.do.jpg,rivwer,10.741553
20170720144116787405_getCapchaImage.do.jpg,elesing,8.578291
20170720144133615534_getCapchaImage.do.jpg,knilogy,8.523286
20170720144027447884_getCapchaImage.do.jpg,wherace,8.598026
20170720144131110776_getCapchaImage.do.jpg,spaging,8.56317
20170720144048577575_getCapchaImage.do.jpg,whiared,13.054197
20170720144132725445_getCapchaImage.do.jpg,chating,8.544879
20170720144054859267_getCapchaImage.do.jpg,widghe,8.586251
20170720144136577412_getCapchaImage.do.jpg,judffen,30.306938
20170720144122824091_getCapchaImage.do.jpg,namter,5.335061
20170720144138171783_getCapchaImage.do.jpg,witbly,8.581963
20170720144031396784_getCapchaImage.do.jpg,cooires,5.325011
20170720144041149056_getCapchaImage.do.jpg,begking,5.564159
20170720144136752988_getCapchaImage.do.jpg,minater,20.72531
20170720144115499578_getCapchaImage.do.jpg,houher,16.414862
20170720144047702651_getCapchaImage.do.jpg,posing,10.772042
20170720144059243689_getCapchaImage.do.jpg,awapier,10.793949
20170720144135955039_getCapchaImage.do.jpg,inkthly,5.332921
20170720144034777761_getCapchaImage.do.jpg,fifkers,16.196276
20170720144042023984_getCapchaImage.do.jpg,ticned,8.634703
20170720144113891405_getCapchaImage.do.jpg,unsish,5.376045
20170720144055747688_getCapchaImage.do.jpg,powiety,8.608771
20170720144046326177_getCapchaImage.do.jpg,manving,5.342529
20170720144137283599_getCapchaImage.do.jpg,worger,8.62823
20170720144051131371_getCapchaImage.do.jpg,fatcher,13.043034
20170720144116853781_getCapchaImage.do.jpg,rubgust,8.614164
20170720144025754010_getCapchaImage.do.jpg,louler,8.631643
20170720144143109395_getCapchaImage.do.jpg,senezes,13.046913
20170720144112483862_getCapchaImage.do.jpg,chaer,5.386645
20170720144029066071_getCapchaImage.do.jpg,colking,5.437591
20170720144110429195_getCapchaImage.do.jpg,pagshes,8.571702
20170720144044614896_getCapchaImage.do.jpg,braned,10.778443
20170720144128143719_getCapchaImage.do.jpg,gooings,10.813781
20170720144047292229_getCapchaImage.do.jpg,darorer,8.584603
20170720144036602322_getCapchaImage.do.jpg,spated,10.803841
20170720144106931311_getCapchaImage.do.jpg,worlded,8.548036
20170720144043239411_getCapchaImage.do.jpg,poster,9.207647
20170720144104118201_getCapchaImage.do.jpg,masder,8.641033
20170720144111973938_getCapchaImage.do.jpg,facily,5.412703
20170720144108076538_getCapchaImage.do.jpg,unsareci,8.529357
20170720144039008053_getCapchaImage.do.jpg,babrer,8.552164
20170720144054060250_getCapchaImage.do.jpg,dryched,5.341364
20170720144053725694_getCapchaImage.do.jpg,rooers,5.375032
20170720144122528114_getCapchaImage.do.jpg,chosing,5.33902
20170720144133052321_getCapchaImage.do.jpg,tigrts,5.311836
20170720144026155852_getCapchaImage.do.jpg,dradger,5.387578
20170720144125649472_getCapchaImage.do.jpg,greted,5.328013
20170720144127482411_getCapchaImage.do.jpg,fowners,13.057191
20170720144039750069_getCapchaImage.do.jpg,evesing,8.590123
20170720144115837220_getCapchaImage.do.jpg,kincher,8.480515
20170720144042759793_getCapchaImage.do.jpg,lipoll,5.438923
20170720144057584613_getCapchaImage.do.jpg,rodking,5.361666
20170720144056365707_getCapchaImage.do.jpg,winler,5.319194
20170720144122602794_getCapchaImage.do.jpg,x-rged,11.236165
20170720144056171695_getCapchaImage.do.jpg,naiads,8.593859
20170720144126573550_getCapchaImage.do.jpg,likdly,5.396029
20170720144118528249_getCapchaImage.do.jpg,amurace,30.385205
20170720144129908598_getCapchaImage.do.jpg,bonerno,8.649852
20170720144025662654_getCapchaImage.do.jpg,havlion,10.854046
20170720144051661574_getCapchaImage.do.jpg,verare,8.580959
20170720144026287708_getCapchaImage.do.jpg,cotting,10.814803
20170720144129291524_getCapchaImage.do.jpg,gunion,5.333784
20170720144120864958_getCapchaImage.do.jpg,silres,10.791757
20170720144143020691_getCapchaImage.do.jpg,wrisons,8.562418
20170720144027512658_getCapchaImage.do.jpg,cycping,5.331321
20170720144032187195_getCapchaImage.do.jpg,errhers,13.067212
20170720144047227486_getCapchaImage.do.jpg,bloans,5.382548
20170720144051857784_getCapchaImage.do.jpg,eleemen,5.371728
20170720144041006593_getCapchaImage.do.jpg,higener,10.805455
20170720144041344847_getCapchaImage.do.jpg,getthed,10.832528
20170720144138264995_getCapchaImage.do.jpg,deeoor,5.319432
20170720144049998119_getCapchaImage.do.jpg,stiely,5.360656
20170720144031922680_getCapchaImage.do.jpg,boohers,8.591979
20170720144138054786_getCapchaImage.do.jpg,enoked,5.687731
20170720144117629146_getCapchaImage.do.jpg,judmes,5.453471
20170720144106290824_getCapchaImage.do.jpg,doiaken,5.738947
20170720144026090818_getCapchaImage.do.jpg,whehed,9.066851
20170720144046608361_getCapchaImage.do.jpg,guiking,10.751058
20170720144140787991_getCapchaImage.do.jpg,unendo,10.761236
20170720144114225157_getCapchaImage.do.jpg,musords,8.547464
20170720144045830474_getCapchaImage.do.jpg,Frished,10.859065
20170720144143371048_getCapchaImage.do.jpg,zermps,8.773775
20170720144050204419_getCapchaImage.do.jpg,nerrney,8.807658
20170720144055114947_getCapchaImage.do.jpg,natswax,10.700381
20170720144109552262_getCapchaImage.do.jpg,anider,10.812227
20170720144120379107_getCapchaImage.do.jpg,stanken,9.017082
20170720144043769228_getCapchaImage.do.jpg,numects,23.87082
20170720144056301594_getCapchaImage.do.jpg,trakets,13.077375
20170720144107885439_getCapchaImage.do.jpg,richers,8.617829
20170720144047161227_getCapchaImage.do.jpg,farwed,8.481148
20170720144127154840_getCapchaImage.do.jpg,dognger,10.796366
20170720144052413873_getCapchaImage.do.jpg,truors,12.952265
20170720144042427717_getCapchaImage.do.jpg,soated,10.734353
20170720144053146364_getCapchaImage.do.jpg,flader,5.351666
20170720144129164424_getCapchaImage.do.jpg,sonhed,5.390669
20170720144033443226_getCapchaImage.do.jpg,lifling,8.532181
20170720144123116466_getCapchaImage.do.jpg,poceady,5.334195
20170720144107144829_getCapchaImage.do.jpg,copost,13.735191
20170720144027123229_getCapchaImage.do.jpg,narning,8.525115
20170720144130243482_getCapchaImage.do.jpg,frider,5.352547
20170720144114438349_getCapchaImage.do.jpg,livtes,8.560905
20170720144117768839_getCapchaImage.do.jpg,froors,5.348555
20170720144046715417_getCapchaImage.do.jpg,driders,5.334693
20170720144116420046_getCapchaImage.do.jpg,chating,8.545032
20170720144113270926_getCapchaImage.do.jpg,shacer,5.343148
20170720144116162697_getCapchaImage.do.jpg,careads,5.313856
20170720144137400320_getCapchaImage.do.jpg,musicly,10.745718
20170720144114829165_getCapchaImage.do.jpg,madted,5.394672
20170720144138446683_getCapchaImage.do.jpg,placed,5.359844
20170720144109294889_getCapchaImage.do.jpg,givsics,10.702056
20170720144038208680_getCapchaImage.do.jpg,raiters,5.278868
20170720144128759116_getCapchaImage.do.jpg,neeshes,10.85798
20170720144030262394_getCapchaImage.do.jpg,kmings,8.58129
20170720144033836665_getCapchaImage.do.jpg,mooting,5.33992
20170720144121781452_getCapchaImage.do.jpg,twiors,8.611239
20170720144040678281_getCapchaImage.do.jpg,tradly,5.283106
20170720144026367980_getCapchaImage.do.jpg,ranner,8.620292
20170720144120250370_getCapchaImage.do.jpg,darding,16.17793
20170720144050805461_getCapchaImage.do.jpg,citited,5.332509
20170720144042296958_getCapchaImage.do.jpg,airder,5.324125
20170720144136665844_getCapchaImage.do.jpg,haldled,10.850761
20170720144140041805_getCapchaImage.do.jpg,Waving,8.546963
20170720144114891033_getCapchaImage.do.jpg,makaner,8.602837
20170720144128955181_getCapchaImage.do.jpg,masders,10.785851
20170720144039894617_getCapchaImage.do.jpg,isllths,9.089975
20170720144132318724_getCapchaImage.do.jpg,keyson,8.604043
20170720144139502102_getCapchaImage.do.jpg,witder,5.338493
20170720144110363949_getCapchaImage.do.jpg,powect,8.558471
20170720144053597010_getCapchaImage.do.jpg,shatly,16.214417
20170720144100178731_getCapchaImage.do.jpg,stiper,10.75459
20170720144108721121_getCapchaImage.do.jpg,heluing,8.528276
20170720144029989732_getCapchaImage.do.jpg,nampier,8.557507
20170720144035525794_getCapchaImage.do.jpg,undming,10.755844
20170720144136933402_getCapchaImage.do.jpg,vodnken,13.028878
20170720144052814282_getCapchaImage.do.jpg,bureper,8.611186
20170720144144805068_getCapchaImage.do.jpg,snoing,5.327996
20170720144048434863_getCapchaImage.do.jpg,sumors,8.520394
20170720144055445494_getCapchaImage.do.jpg,traaxed,5.331384
20170720144127221967_getCapchaImage.do.jpg,rodply,10.712897
20170720144024979068_getCapchaImage.do.jpg,rookebn,5.353406
20170720144052275668_getCapchaImage.do.jpg,squlin,27.211034
20170720144109018218_getCapchaImage.do.jpg,opeered,10.703843
20170720144119836247_getCapchaImage.do.jpg,valghed,8.554405
20170720144103688420_getCapchaImage.do.jpg,boxkedki,16.170703
20170720144046543055_getCapchaImage.do.jpg,unrled,5.312166
20170720144111499091_getCapchaImage.do.jpg,powkels,8.645434
20170720144024746528_getCapchaImage.do.jpg,verman,8.511504
20170720144028038346_getCapchaImage.do.jpg,marters,8.542082
20170720144054374855_getCapchaImage.do.jpg,comers,13.734516
20170720144136316178_getCapchaImage.do.jpg,senling,8.655108
20170720144046393647_getCapchaImage.do.jpg,breded,8.553731
20170720144120638706_getCapchaImage.do.jpg,anyacks,12.895271
20170720144141175117_getCapchaImage.do.jpg,pcoces,13.006609
20170720144042694350_getCapchaImage.do.jpg,flahers,8.546992
20170720144052543500_getCapchaImage.do.jpg,mapding,5.384575
20170720144137621243_getCapchaImage.do.jpg,vernder,13.479834
20170720144142373159_getCapchaImage.do.jpg,bratman,5.363297
20170720144035094205_getCapchaImage.do.jpg,outger,5.365341
20170720144114085065_getCapchaImage.do.jpg,thiding,5.299694
20170720143644_getCapchaImage.do.jpg,saying,5.383793
20170720144100434496_getCapchaImage.do.jpg,forting,23.917525
20170720144034396907_getCapchaImage.do.jpg,potrer,8.808723
20170720144112356748_getCapchaImage.do.jpg,bracols,5.317342
20170720144136404299_getCapchaImage.do.jpg,flaker,8.570449
20170720144122399166_getCapchaImage.do.jpg,valghts,8.585867
20170720144110685951_getCapchaImage.do.jpg,simssy,5.33648
20170720144029200576_getCapchaImage.do.jpg,secres,8.664674
20170720144057251568_getCapchaImage.do.jpg,whized,27.594662
20170720144116917619_getCapchaImage.do.jpg,salton,8.585943
20170720144106867918_getCapchaImage.do.jpg,baster,5.876525
20170720144130981859_getCapchaImage.do.jpg,priner,5.326366
20170720144132059685_getCapchaImage.do.jpg,draener,5.337116
20170720144142553331_getCapchaImage.do.jpg,sleoreer,8.604437
20170720144103355296_getCapchaImage.do.jpg,talols,27.032152
20170720144111699140_getCapchaImage.do.jpg,taxaner,5.326739
20170720144127353000_getCapchaImage.do.jpg,loobama,10.759237
20170720144129816507_getCapchaImage.do.jpg,wooting,3.154484
20170720144045961995_getCapchaImage.do.jpg,proled,12.950078
20170720144115436555_getCapchaImage.do.jpg,thkeys,10.824871
20170720144132862858_getCapchaImage.do.jpg,motera,8.611666
20170720144030546882_getCapchaImage.do.jpg,Wisters,8.554386
20170720144050662103_getCapchaImage.do.jpg,fornds,8.540651
20170720144035590814_getCapchaImage.do.jpg,timport,8.610967
20170720144112820383_getCapchaImage.do.jpg,greens,8.612949
20170720144108594398_getCapchaImage.do.jpg,evepen,8.5196
20170720144130584422_getCapchaImage.do.jpg,ploring,5.380555
20170720144025189098_getCapchaImage.do.jpg,addgign,5.904423
20170720144028797919_getCapchaImage.do.jpg,ungeted,5.298641
20170720144126309236_getCapchaImage.do.jpg,weeden,8.492969
20170720144044679470_getCapchaImage.do.jpg,simors,8.552619
20170720144140586310_getCapchaImage.do.jpg,comter,5.310929
20170720144038628850_getCapchaImage.do.jpg,undter,5.325668
20170720144104376583_getCapchaImage.do.jpg,upkezed,18.441633
20170720144108012713_getCapchaImage.do.jpg,addder,5.29335
20170720144044882166_getCapchaImage.do.jpg,havhten,8.585668
20170720144033769429_getCapchaImage.do.jpg,wasner,8.628642
20170720144123181633_getCapchaImage.do.jpg,cirtter,5.346661
20170720144128826077_getCapchaImage.do.jpg,copller,8.57804
20170720144033900717_getCapchaImage.do.jpg,folnner,10.794689
20170720144105280182_getCapchaImage.do.jpg,rewling,5.392535
20170720144033371251_getCapchaImage.do.jpg,acrnces,6.025237
20170720144119627013_getCapchaImage.do.jpg,wareria,8.584559
20170720144058355881_getCapchaImage.do.jpg,holught,10.738465
20170720144047361296_getCapchaImage.do.jpg,lifded,5.306753
20170720144126243652_getCapchaImage.do.jpg,timsday,5.91917
20170720144051196602_getCapchaImage.do.jpg,sprters,8.601294
20170720144121434095_getCapchaImage.do.jpg,perura,8.556171
20170720144048032207_getCapchaImage.do.jpg,birtles,8.583636
20170720144110297533_getCapchaImage.do.jpg,wiliefs,5.339038
20170720144124844662_getCapchaImage.do.jpg,comving,5.301152
20170720144025530669_getCapchaImage.do.jpg,roosted,8.541926
20170720144030682811_getCapchaImage.do.jpg,leacer,8.602087
20170720144144892290_getCapchaImage.do.jpg,unsily,5.323064
20170720144034097247_getCapchaImage.do.jpg,fallies,9.101868
20170720144043304451_getCapchaImage.do.jpg,anking,5.395057
20170720144139182448_getCapchaImage.do.jpg,facled,3.126206
20170720144045211746_getCapchaImage.do.jpg,meeret,8.605704
20170720144027576118_getCapchaImage.do.jpg,sunver,8.573334
20170720144123638818_getCapchaImage.do.jpg,meotmen,5.35277
20170720144120444845_getCapchaImage.do.jpg,piaared,5.374672
20170720144129742944_getCapchaImage.do.jpg,whided,8.58179
20170720144040291647_getCapchaImage.do.jpg,lispper,5.369169
20170720144103612055_getCapchaImage.do.jpg,pasgiin,8.593011
20170720144127611985_getCapchaImage.do.jpg,insning,10.834683
20170720144122889354_getCapchaImage.do.jpg,sloers,5.399755
20170720144052479107_getCapchaImage.do.jpg,opeined,8.57774
20170720144104518345_getCapchaImage.do.jpg,lisnds,8.587701
20170720144107815835_getCapchaImage.do.jpg,wasght,5.345177
20170720144055178754_getCapchaImage.do.jpg,meockly,5.379967
20170720144025597549_getCapchaImage.do.jpg,rainge,5.31738
20170720144038502179_getCapchaImage.do.jpg,corcked,5.364834
20170720144108400831_getCapchaImage.do.jpg,snnoches,16.203276
20170720144123842878_getCapchaImage.do.jpg,welrted,5.357598
20170720144024067924_getCapchaImage.do.jpg,fisders,5.381827
20170720144112036802_getCapchaImage.do.jpg,camred,13.563723
20170720144115082983_getCapchaImage.do.jpg,shaone,8.581762
20170720144030127001_getCapchaImage.do.jpg,powyed,5.33555
20170720144058765499_getCapchaImage.do.jpg,eyethed,5.397267
20170720144110751379_getCapchaImage.do.jpg,faroned,5.367141
20170720144037996778_getCapchaImage.do.jpg,amuing,5.336728
20170720144112888091_getCapchaImage.do.jpg,ratins,5.29849
20170720144037868558_getCapchaImage.do.jpg,shaber,5.319926
20170720144047570847_getCapchaImage.do.jpg,valrded,10.752547
20170720144140218829_getCapchaImage.do.jpg,boited,5.326865
20170720144129615123_getCapchaImage.do.jpg,seahly,5.851562
20170720144126705867_getCapchaImage.do.jpg,milaner,5.352156
20170720144057774084_getCapchaImage.do.jpg,flyding,8.560731
20170720144110618308_getCapchaImage.do.jpg,rubpily,8.633705
20170720144143639062_getCapchaImage.do.jpg,latais,12.984681
20170720144056537123_getCapchaImage.do.jpg,fortler,5.349537
20170720144046036829_getCapchaImage.do.jpg,vinac,5.303864
20170720144117940890_getCapchaImage.do.jpg,parrted,5.371026
20170720144128566042_getCapchaImage.do.jpg,corker,8.521865
20170720144038565726_getCapchaImage.do.jpg,linker,5.33301
20170720144049529753_getCapchaImage.do.jpg,wriled,5.411379
20170720144124170494_getCapchaImage.do.jpg,litamid,31.512086
20170720144103758742_getCapchaImage.do.jpg,arcrily,5.283947
20170720144118769812_getCapchaImage.do.jpg,ankting,12.997095
20170720144027705434_getCapchaImage.do.jpg,washing,12.947509
20170720144056429709_getCapchaImage.do.jpg,lovthes,5.3748
20170720144114955519_getCapchaImage.do.jpg,kicler,8.630967
20170720144034587048_getCapchaImage.do.jpg,beging,8.489254
20170720144128400957_getCapchaImage.do.jpg,heaefly,11.251294
20170720144054441876_getCapchaImage.do.jpg,twiper,8.563074
20170720144100046265_getCapchaImage.do.jpg,darhed,8.615279
20170720144051794233_getCapchaImage.do.jpg,cauled,5.331259
20170720144040098309_getCapchaImage.do.jpg,farsor,8.569994
20170720144117302048_getCapchaImage.do.jpg,ranares,12.969102
20170720144128891119_getCapchaImage.do.jpg,yelpped,5.390663
20170720144113079445_getCapchaImage.do.jpg,mouted,5.308914
20170720144106226885_getCapchaImage.do.jpg,nether,8.54771
20170720144113606156_getCapchaImage.do.jpg,letting,8.514558
20170720144030814181_getCapchaImage.do.jpg,lovcks,10.725421
20170720144036731998_getCapchaImage.do.jpg,kislind,8.582797
20170720144034160119_getCapchaImage.do.jpg,fatler,8.531788
20170720144029269315_getCapchaImage.do.jpg,adding,12.986485
20170720144110859937_getCapchaImage.do.jpg,natted,5.389653
20170720144141699164_getCapchaImage.do.jpg,ankned,5.312856
20170720144119223452_getCapchaImage.do.jpg,witkers,10.748435
20170720144033507034_getCapchaImage.do.jpg,miners,16.29686
20170720144110020698_getCapchaImage.do.jpg,unlked,8.601059
20170720144110925214_getCapchaImage.do.jpg,porice,8.573716
20170720144119355532_getCapchaImage.do.jpg,engbor,8.593954
20170720144059506828_getCapchaImage.do.jpg,patedly,8.551183
20170720144129982944_getCapchaImage.do.jpg,quaures,5.349356
20170720144131855039_getCapchaImage.do.jpg,tweves,8.578245
20170720144119555471_getCapchaImage.do.jpg,SLODERS,8.59355
20170720144041071270_getCapchaImage.do.jpg,reasses,5.367184
20170720144129227180_getCapchaImage.do.jpg,shisses,8.518832
20170720144133547156_getCapchaImage.do.jpg,tigking,10.763432
20170720144126943225_getCapchaImage.do.jpg,bagion,10.749544
20170720144129094179_getCapchaImage.do.jpg,brahers,5.300847
20170720144142644260_getCapchaImage.do.jpg,kisted,8.538228
20170720144024408774_getCapchaImage.do.jpg,buzehow,8.588976
20170720144052882703_getCapchaImage.do.jpg,selcked,12.985019
20170720144123973996_getCapchaImage.do.jpg,kinning,10.717187
20170720144038123844_getCapchaImage.do.jpg,turder,5.282268
20170720144032904388_getCapchaImage.do.jpg,Outing,8.501985
20170720144130656776_getCapchaImage.do.jpg,plaped,16.175691
20170720144040614082_getCapchaImage.do.jpg,opegher,8.539392
20170720144112951305_getCapchaImage.do.jpg,hamrder,8.554279
20170720144056875795_getCapchaImage.do.jpg,pulting,5.360505
20170720144024606868_getCapchaImage.do.jpg,amument,11.279971
20170720144117239121_getCapchaImage.do.jpg,taucing,12.932
20170720144119696180_getCapchaImage.do.jpg,madrch,8.633363
20170720144057184222_getCapchaImage.do.jpg,boorded,9.061987
20170720144130375676_getCapchaImage.do.jpg,smoice,13.548969
20170720144057455496_getCapchaImage.do.jpg,outger,8.551066
20170720144127017927_getCapchaImage.do.jpg,strdge,5.362834
20170720144123511240_getCapchaImage.do.jpg,naimals,8.549802
20170720144140485382_getCapchaImage.do.jpg,redmed,3.127772
20170720144040420265_getCapchaImage.do.jpg,bodling,13.036147
20170720144026016340_getCapchaImage.do.jpg,tusing,8.617803
20170720144032712713_getCapchaImage.do.jpg,ovesses,5.36412
20170720144032840898_getCapchaImage.do.jpg,begave,8.626294
20170720144118846585_getCapchaImage.do.jpg,curply,10.753766
20170720144109488291_getCapchaImage.do.jpg,doiever,5.33439
20170720144049144184_getCapchaImage.do.jpg,rneotes,8.567158
20170720144129482679_getCapchaImage.do.jpg,daraken,18.525891
20170720144040875950_getCapchaImage.do.jpg,thinted,8.622949
20170720144045340094_getCapchaImage.do.jpg,appyed,5.33555
20170720144043704668_getCapchaImage.do.jpg,solnds,13.014781
20170720144122979157_getCapchaImage.do.jpg,neating,8.587015
20170720144027970838_getCapchaImage.do.jpg,AOTING,9.810488
20170720144112163312_getCapchaImage.do.jpg,noiter,8.559743
20170720144029596344_getCapchaImage.do.jpg,chuder,8.521952
20170720144034905662_getCapchaImage.do.jpg,vesired,8.509952
20170720144059721491_getCapchaImage.do.jpg,citers,8.478378
20170720144058191713_getCapchaImage.do.jpg,outgers,8.551309
20170720144044482603_getCapchaImage.do.jpg,wooning,9.107152
20170720144028932943_getCapchaImage.do.jpg,neecing,5.330763
20170720144057970184_getCapchaImage.do.jpg,heaner,8.522891
20170720144054585937_getCapchaImage.do.jpg,bedhts,5.424803
20170720144033179813_getCapchaImage.do.jpg,braezer,13.002679
20170720144058638268_getCapchaImage.do.jpg,adjlers,5.285386
20170720144047767569_getCapchaImage.do.jpg,poiner,8.501935
20170720144121916911_getCapchaImage.do.jpg,zerers,8.623916
20170720144115020562_getCapchaImage.do.jpg,pooals,8.601101
20170720144116620249_getCapchaImage.do.jpg,carter,5.404187
20170720144047427335_getCapchaImage.do.jpg,thiting,8.539232
20170720144103227072_getCapchaImage.do.jpg,airght,8.594225
20170720144033685300_getCapchaImage.do.jpg,MINLING,8.549434
20170720144133263475_getCapchaImage.do.jpg,dowish,5.351509
20170720144050740891_getCapchaImage.do.jpg,hatuer,5.359835
20170720144115372955_getCapchaImage.do.jpg,makter,5.33534
20170720144029531638_getCapchaImage.do.jpg,wheger,3.10212
20170720144126782921_getCapchaImage.do.jpg,greeing,5.318578
20170720144132522007_getCapchaImage.do.jpg,lcsght,8.561533
20170720144131047176_getCapchaImage.do.jpg,kicking,8.588116
20170720144038439878_getCapchaImage.do.jpg,hatthed,5.918976
20170720144036388965_getCapchaImage.do.jpg,buzlver,5.359728
20170720144053790318_getCapchaImage.do.jpg,actncs,5.338454
20170720144031590269_getCapchaImage.do.jpg,talring,5.332104
20170720144144089691_getCapchaImage.do.jpg,snaler,8.488443
20170720144113472059_getCapchaImage.do.jpg,wormers,5.307311
20170720144142279437_getCapchaImage.do.jpg,redndly,8.485173
20170720144050465768_getCapchaImage.do.jpg,rodhten,8.578745
20170720144049722828_getCapchaImage.do.jpg,shossr,11.329038
20170720144026989693_getCapchaImage.do.jpg,shaergo,12.987736
20170720144038753915_getCapchaImage.do.jpg,peakend,10.71269
20170720144026444066_getCapchaImage.do.jpg,tmnk,8.587563
20170720144041214529_getCapchaImage.do.jpg,snoler,5.281746
20170720144046782866_getCapchaImage.do.jpg,dareler,5.341858
20170720144119491611_getCapchaImage.do.jpg,bitker,5.315995
20170720144034841286_getCapchaImage.do.jpg,pringst,8.563075
20170720144118912270_getCapchaImage.do.jpg,fouffs,8.634818
20170720144122332930_getCapchaImage.do.jpg,blokcr,8.586479
20170720144118192763_getCapchaImage.do.jpg,equlic,5.362441
20170720144119067980_getCapchaImage.do.jpg,rlcered,8.599956
20170720144120128574_getCapchaImage.do.jpg,louter,5.301305
20170720144143729982_getCapchaImage.do.jpg,ahaces,8.530887
20170720144043023324_getCapchaImage.do.jpg,whiter,5.35339
20170720144054522270_getCapchaImage.do.jpg,bedped,5.346589
20170720144126378669_getCapchaImage.do.jpg,anyter,8.644124
20170720144129356232_getCapchaImage.do.jpg,noicks,16.173089
20170720144030943585_getCapchaImage.do.jpg,platly,5.330365
20170720144100843810_getCapchaImage.do.jpg,draers,5.364413
20170720144129419196_getCapchaImage.do.jpg,eignly,8.601471
20170720144111213727_getCapchaImage.do.jpg,angcing,8.587595
20170720144040227537_getCapchaImage.do.jpg,cotier,8.552178
20170720144106548752_getCapchaImage.do.jpg,deaaxed,5.361965
20170720144122193326_getCapchaImage.do.jpg,boiking,5.894122
20170720144029660125_getCapchaImage.do.jpg,bjmmzllqg,8.541055
20170720144104589773_getCapchaImage.do.jpg,zrbjnr,5.366782
20170720144116354522_getCapchaImage.do.jpg,takted,8.539254
20170720144109682271_getCapchaImage.do.jpg,insrary,8.554717
20170720144114021579_getCapchaImage.do.jpg,vieght,12.960207
20170720144026221400_getCapchaImage.do.jpg,monlved,13.033976
20170720144044947183_getCapchaImage.do.jpg,marped,12.971128
20170720144031853023_getCapchaImage.do.jpg,polged,8.595917
20170720144113338281_getCapchaImage.do.jpg,floner,8.547456
20170720144107357688_getCapchaImage.do.jpg,iroters,8.563577
20170720144137108359_getCapchaImage.do.jpg,stoler,5.373043
20170720144042824412_getCapchaImage.do.jpg,thiding,5.442423
20170720144035461484_getCapchaImage.do.jpg,verger,5.416835
20170720144107553691_getCapchaImage.do.jpg,yeited,8.513867
20170720144118669592_getCapchaImage.do.jpg,Comded,16.646137
20170720144027905503_getCapchaImage.do.jpg,toaens,10.793544
20170720144131666352_getCapchaImage.do.jpg,lasched,8.572119
20170720144132387951_getCapchaImage.do.jpg,raiters,8.569032
20170720144111279812_getCapchaImage.do.jpg,ratping,11.526986
20170720144042562416_getCapchaImage.do.jpg,horbers,30.276574
20170720144050937414_getCapchaImage.do.jpg,tykrr,3.086853
20170720144136490640_getCapchaImage.do.jpg,bablin,5.326032
20170720144026845146_getCapchaImage.do.jpg,lisnce4r,8.618515
20170720144055524618_getCapchaImage.do.jpg,Priles,10.790168
20170720144117365898_getCapchaImage.do.jpg,sloener,12.956689
20170720144141591170_getCapchaImage.do.jpg,anksed,13.090382
20170720144058974003_getCapchaImage.do.jpg,unhlier,8.554769
20170720144124916535_getCapchaImage.do.jpg,SLOLET,8.515688
20170720144049658323_getCapchaImage.do.jpg,norely,10.845284
20170720144100112222_getCapchaImage.do.jpg,burlet,12.943853
20170720144138631794_getCapchaImage.do.jpg,thouing,5.290222
20170720144112420225_getCapchaImage.do.jpg,winaned,8.587799
20170720144024273685_getCapchaImage.do.jpg,airlver,5.337904
20170720144024131786_getCapchaImage.do.jpg,safter,10.8006
20170720144136229111_getCapchaImage.do.jpg,deacer,12.947312
20170720144125186258_getCapchaImage.do.jpg,tweting,8.525472
20170720144133689403_getCapchaImage.do.jpg,namler,8.589755
20170720144056939124_getCapchaImage.do.jpg,thited,8.544472
20170720144128337192_getCapchaImage.do.jpg,burput,8.591727
20170720144045276211_getCapchaImage.do.jpg,pladays,8.620966
20170720144117111828_getCapchaImage.do.jpg,barger,10.842082
20170720144139299038_getCapchaImage.do.jpg,heahing,5.361994
20170720144051331185_getCapchaImage.do.jpg,angding,8.637411
20170720144107290099_getCapchaImage.do.jpg,flaelf,10.711304
20170720144036263300_getCapchaImage.do.jpg,unhding,5.277436
20170720144053660836_getCapchaImage.do.jpg,smoing,8.581621
20170720144118978449_getCapchaImage.do.jpg,amuiner,27.035801
20170720144040810336_getCapchaImage.do.jpg,rhyded,10.79835
20170720144137021077_getCapchaImage.do.jpg,puling,8.559154
20170720144123248582_getCapchaImage.do.jpg,priers,27.07588
20170720144110989204_getCapchaImage.do.jpg,puseler,33.564774
20170720144142829855_getCapchaImage.do.jpg,fifnted,5.31449
20170720144119289598_getCapchaImage.do.jpg,founter,3.112976
20170720144056614733_getCapchaImage.do.jpg,talgers,10.745419
20170720144124576421_getCapchaImage.do.jpg,talhway,8.524383
20170720144144356315_getCapchaImage.do.jpg,flamer,5.268163
20170720144119766715_getCapchaImage.do.jpg,hourts,5.377579
20170720144127890609_getCapchaImage.do.jpg,inkpers,5.417186
20170720144050137409_getCapchaImage.do.jpg,hanser,5.407086
20170720144111905963_getCapchaImage.do.jpg,pights,5.339944
20170720143854_getCapchaImage.do.jpg,outngst,8.580118
20170720144045080765_getCapchaImage.do.jpg,rubched,5.369824
20170720144106994482_getCapchaImage.do.jpg,kising,5.306265
20170720144117557860_getCapchaImage.do.jpg,farras,5.305906
20170720144124104922_getCapchaImage.do.jpg,dolnger,5.407314
20170720144059038507_getCapchaImage.do.jpg,desked,5.344492
20170720144121007265_getCapchaImage.do.jpg,hotest,8.595942
20170720144058905411_getCapchaImage.do.jpg,lifwing,5.396161
20170720144057520724_getCapchaImage.do.jpg,angiers,5.364237
20170720144130784345_getCapchaImage.do.jpg,plaping,5.402909
20170720144106675017_getCapchaImage.do.jpg,notple,5.377891
20170720144058128485_getCapchaImage.do.jpg,wasting,5.483056
20170720144100370817_getCapchaImage.do.jpg,birced,5.367477
20170720144113956274_getCapchaImage.do.jpg,outred,8.509531
20170720144031657821_getCapchaImage.do.jpg,viother,5.351775
20170720144031523797_getCapchaImage.do.jpg,canffly,5.317682
20170720144124980992_getCapchaImage.do.jpg,smaener,10.7827
20170720144032576658_getCapchaImage.do.jpg,buztest,8.548579
20170720144029131301_getCapchaImage.do.jpg,vesled,8.512227
20170720144041622403_getCapchaImage.do.jpg,foupers,5.356821
20170720144051729904_getCapchaImage.do.jpg,graools,5.373423
20170720144056678869_getCapchaImage.do.jpg,clepily,10.834818
20170720144053014853_getCapchaImage.do.jpg,primper,5.391612
20170720144100307588_getCapchaImage.do.jpg,femdays,5.323051
20170720144118126407_getCapchaImage.do.jpg,judting,8.570654
20170720144041752656_getCapchaImage.do.jpg,hyeers,13.011144
20170720144114629252_getCapchaImage.do.jpg,unsthed,8.573298
20170720144031330063_getCapchaImage.do.jpg,shaohol,8.607323
20170720144035158517_getCapchaImage.do.jpg,uncely,8.650399
20170720144040548596_getCapchaImage.do.jpg,bagters,16.191193
20170720144031460093_getCapchaImage.do.jpg,tabing,5.332448
20170720144042090900_getCapchaImage.do.jpg,harond,13.043448
20170720144039157667_getCapchaImage.do.jpg,timning,5.376211
20170720144027252430_getCapchaImage.do.jpg,scamps,5.360848
20170720144133124077_getCapchaImage.do.jpg,sumking,16.191783
20170720144030326870_getCapchaImage.do.jpg,wasnion,16.240411
20170720144030058422_getCapchaImage.do.jpg,worting,8.636927
20170720144103972861_getCapchaImage.do.jpg,thinds,5.34295
20170720144103163626_getCapchaImage.do.jpg,beeled,8.612405
20170720144120508425_getCapchaImage.do.jpg,unmting,8.61061
20170720144105973800_getCapchaImage.do.jpg,armded,16.31491
20170720144051265369_getCapchaImage.do.jpg,witking,8.608616
20170720144124509627_getCapchaImage.do.jpg,twiies,8.642325
20170720144141289416_getCapchaImage.do.jpg,RIGTLE,8.597203
20170720144115705882_getCapchaImage.do.jpg,linning,8.648503
20170720144036460262_getCapchaImage.do.jpg,hyeves,5.311792
20170720144123313436_getCapchaImage.do.jpg,banking,5.380358
20170720144043639598_getCapchaImage.do.jpg,feadges,10.753032
20170720144108856661_getCapchaImage.do.jpg,barters,5.393737
20170720144140971958_getCapchaImage.do.jpg,paiman,8.560228
20170720144109746640_getCapchaImage.do.jpg,helses,5.412355
20170720144116097431_getCapchaImage.do.jpg,verled,5.377249
20170720144029336725_getCapchaImage.do.jpg,ricking,8.622294
20170720144128488059_getCapchaImage.do.jpg,siming,8.551488
20170720144140131322_getCapchaImage.do.jpg,garped,5.309428
20170720144030465147_getCapchaImage.do.jpg,louing,5.338051
20170720144029466525_getCapchaImage.do.jpg,hatders,13.010458
20170720144123702276_getCapchaImage.do.jpg,braled,8.596754
20170720144059178418_getCapchaImage.do.jpg,verdier,8.630101
20170720144055893562_getCapchaImage.do.jpg,incuped,9.095551
20170720144142088816_getCapchaImage.do.jpg,rooret,5.382057
20170720144107207472_getCapchaImage.do.jpg,comings,5.331218
20170720144133333134_getCapchaImage.do.jpg,smarths,5.362863
20170720144050595840_getCapchaImage.do.jpg,schevel,5.369134
20170720144026631351_getCapchaImage.do.jpg,comire,5.33794
20170720144137523321_getCapchaImage.do.jpg,tasshes,5.359801
20170720144112226213_getCapchaImage.do.jpg,horest,8.55988
20170720144103291736_getCapchaImage.do.jpg,lifdly,5.318953
20170720144138746320_getCapchaImage.do.jpg,bodpper,5.317133
20170720144048230596_getCapchaImage.do.jpg,smotles,5.330466
20170720144048714282_getCapchaImage.do.jpg,latfed,5.352269
20170720144131936565_getCapchaImage.do.jpg,yelhtly,5.302484
20170720144028733788_getCapchaImage.do.jpg,acrlers,8.557824
20170720144113207558_getCapchaImage.do.jpg,newmed,5.369304
20170720144024905750_getCapchaImage.do.jpg,tilned,8.682216
20170720144050268488_getCapchaImage.do.jpg,eveting,5.340803
20170720144025397286_getCapchaImage.do.jpg,fisirer,5.365793
20170720144103895024_getCapchaImage.do.jpg,liqned,8.528274
20170720144110492287_getCapchaImage.do.jpg,5exuors,12.969603
20170720144056746798_getCapchaImage.do.jpg,fliaxed,5.356077
20170720144115639589_getCapchaImage.do.jpg,banling,8.632604
20170720144057076567_getCapchaImage.do.jpg,spoker,5.397663
20170720144125315816_getCapchaImage.do.jpg,deaier,8.554557
20170720144031155072_getCapchaImage.do.jpg,incuts,8.613914
20170720144044547959_getCapchaImage.do.jpg,fggd,16.17495
20170720144138537785_getCapchaImage.do.jpg,weiroom,8.583101
20170720144141477951_getCapchaImage.do.jpg,fiflers,8.54208
20170720144106485551_getCapchaImage.do.jpg,curdes,3.148294
20170720144034522813_getCapchaImage.do.jpg,frases,30.332015
20170720144027319215_getCapchaImage.do.jpg,kickets,5.296824
20170720144030747735_getCapchaImage.do.jpg,whiters,5.357718
20170720144112755003_getCapchaImage.do.jpg,sennds,5.323843
20170720144038880238_getCapchaImage.do.jpg,haretor,8.601719
20170720144053919642_getCapchaImage.do.jpg,solked,9.068992
20170720144036665781_getCapchaImage.do.jpg,motces,11.190307
20170720144104654935_getCapchaImage.do.jpg,fremers,10.855313
20170720144120929071_getCapchaImage.do.jpg,rooned,8.550843
20170720144144987450_getCapchaImage.do.jpg,yesves,8.561985
20170720144114375435_getCapchaImage.do.jpg,prired,8.622227
20170720144126083190_getCapchaImage.do.jpg,rancked,11.352464
20170720144142930335_getCapchaImage.do.jpg,lovning,5.384404
20170720144057711140_getCapchaImage.do.jpg,natsts,8.595249
20170720144040162986_getCapchaImage.do.jpg,chasely,16.154819
20170720144108208761_getCapchaImage.do.jpg,viepped,5.40638
20170720144028191490_getCapchaImage.do.jpg,pulned,12.994881
20170720144058840086_getCapchaImage.do.jpg,Smeamed,16.222959
20170720144033969351_getCapchaImage.do.jpg,driies,8.580065
20170720144033242828_getCapchaImage.do.jpg,keeing,3.148601
20170720144123908993_getCapchaImage.do.jpg,Sennty,10.863311
20170720144121219723_getCapchaImage.do.jpg,airting,5.363817
20170720144142459870_getCapchaImage.do.jpg,copshes,10.873392
20170720144033307331_getCapchaImage.do.jpg,roupped,8.567149
20170720144120315310_getCapchaImage.do.jpg,waxtmen,8.485718
20170720144041280081_getCapchaImage.do.jpg,breing,10.832429
20170720144107424591_getCapchaImage.do.jpg,anglers,10.793106
20170720144128009971_getCapchaImage.do.jpg,wisgued,13.030943
20170720144042958122_getCapchaImage.do.jpg,unsting,12.96358
20170720144053525388_getCapchaImage.do.jpg,unkding,16.234114
20170720144031258658_getCapchaImage.do.jpg,femding,8.627495
20170720144109615537_getCapchaImage.do.jpg,simash,5.357496
20170720144114756112_getCapchaImage.do.jpg,adjfit,8.564594
20170720144139414010_getCapchaImage.do.jpg,chaaxed,11.410208
20170720144131562280_getCapchaImage.do.jpg,colrow,5.327754
20170720144112100204_getCapchaImage.do.jpg,givtems,8.611056
20170720144130110638_getCapchaImage.do.jpg,whiors,8.656766
20170720144048367073_getCapchaImage.do.jpg,madned,10.822883
20170720144140395457_getCapchaImage.do.jpg,darel,12.989307
20170720144130451873_getCapchaImage.do.jpg,frafed,16.225067
20170720144047637874_getCapchaImage.do.jpg,crirly,5.319946
20170720144058700920_getCapchaImage.do.jpg,coaers,16.104406
20170720144057840575_getCapchaImage.do.jpg,storply,8.555668
20170720144111060728_getCapchaImage.do.jpg,otheted,12.966064
20170720144051472909_getCapchaImage.do.jpg,fookers,13.072994
20170720144104050822_getCapchaImage.do.jpg,wasner,5.374901
20170720144103032692_getCapchaImage.do.jpg,ircded,8.60697
20170720144033108636_getCapchaImage.do.jpg,cleects,8.585592
20170720144125509914_getCapchaImage.do.jpg,senied,5.306408
20170720144034650782_getCapchaImage.do.jpg,jewaled,8.628521
20170720144036043627_getCapchaImage.do.jpg,wounded,5.299597
20170720144057002426_getCapchaImage.do.jpg,THIDIER,8.629429
20170720144041492088_getCapchaImage.do.jpg,recies,5.345537
20170720144030192104_getCapchaImage.do.jpg,braders,5.289858
20170720144055609101_getCapchaImage.do.jpg,breger,5.367677
20170720144049208874_getCapchaImage.do.jpg,thiret,5.355585
20170720144108140839_getCapchaImage.do.jpg,cooyly,16.234794
20170720144044812634_getCapchaImage.do.jpg,sadamed,8.548538
20170720144025057677_getCapchaImage.do.jpg,tonning,8.619976
20170720144052209691_getCapchaImage.do.jpg,minline,8.577064
20170720144111762440_getCapchaImage.do.jpg,sugtate,8.609863
20170720144045695465_getCapchaImage.do.jpg,almers,8.552736
20170720144028668316_getCapchaImage.do.jpg,sloies,10.774362
20170720144106739582_getCapchaImage.do.jpg,mixate,10.775431
20170720144042630487_getCapchaImage.do.jpg,owncle,10.765783
20170720144051560373_getCapchaImage.do.jpg,driory,8.539471
20170720144111629025_getCapchaImage.do.jpg,potects,16.271944
20170720144106804363_getCapchaImage.do.jpg,duslen,5.475611
20170720144054987479_getCapchaImage.do.jpg,rhyhter,5.376966
20170720144128207145_getCapchaImage.do.jpg,criburn,8.511615
20170720144049466171_getCapchaImage.do.jpg,salnged,5.332778
20170720144035917755_getCapchaImage.do.jpg,cholars,5.329869
20170720144048505019_getCapchaImage.do.jpg,widked,5.371039
20170720144132454691_getCapchaImage.do.jpg,freled,5.393897
20170720144027640495_getCapchaImage.do.jpg,parstei,10.824513
20170720144112613722_getCapchaImage.do.jpg,begoded,5.311336
20170720144036524101_getCapchaImage.do.jpg,barers,8.56326
20170720144059113121_getCapchaImage.do.jpg,scrling,12.929456
20170720144139686742_getCapchaImage.do.jpg,minted,10.865809
20170720144145077843_getCapchaImage.do.jpg,feeline,5.344504
20170720144123043630_getCapchaImage.do.jpg,unsking,8.552188
20170720144032320837_getCapchaImage.do.jpg,braing,5.338682
20170720144032512496_getCapchaImage.do.jpg,pusers,10.785822
20170720144050873105_getCapchaImage.do.jpg,saidly,16.242934
20170720144056810108_getCapchaImage.do.jpg,selved,8.606848
20170720144053328915_getCapchaImage.do.jpg,stieps,10.836082
20170720144117430548_getCapchaImage.do.jpg,seeting,8.581423
20170720144116981717_getCapchaImage.do.jpg,eveing,8.580348
20170720144121644920_getCapchaImage.do.jpg,shordo,16.199053
20170720144120572764_getCapchaImage.do.jpg,musding,10.815367
20170720144043104087_getCapchaImage.do.jpg,paldly,8.651922
20170720144035853404_getCapchaImage.do.jpg,spored,8.534966
20170720144113827989_getCapchaImage.do.jpg,Strdd,12.986585
20170720144024001937_getCapchaImage.do.jpg,warsing,8.641567
20170720144127419057_getCapchaImage.do.jpg,seaugh,5.347285
20170720144111433435_getCapchaImage.do.jpg,baster,18.499291
20170720144117701982_getCapchaImage.do.jpg,liping,5.301796
20170720144127545307_getCapchaImage.do.jpg,smoler,8.583861
20170720144059981400_getCapchaImage.do.jpg,silmper,5.386753
20170720144137874219_getCapchaImage.do.jpg,folting,12.91629
20170720144047506538_getCapchaImage.do.jpg,potpier,5.402285
20170720144104723411_getCapchaImage.do.jpg,waxurer,10.803044
20170720144116491789_getCapchaImage.do.jpg,deengly,8.54961
20170720144143818134_getCapchaImage.do.jpg,minhten,5.317015
20170720144109810993_getCapchaImage.do.jpg,puller,5.433548
20170720144026701899_getCapchaImage.do.jpg,uniend,8.534564
20170720144144624535_getCapchaImage.do.jpg,neeting,8.547258
20170720144036174127_getCapchaImage.do.jpg,tabpen,5.281099
20170720144112679183_getCapchaImage.do.jpg,badbler,13.068906
20170720144034967863_getCapchaImage.do.jpg,armght,5.407514
20170720144040485161_getCapchaImage.do.jpg,unlties,13.011777
20170720144030879517_getCapchaImage.do.jpg,cryater,8.647012
20170720144052142046_getCapchaImage.do.jpg,actters,5.389801
20170720144044351903_getCapchaImage.do.jpg,thikly,13.034379
20170720144125251539_getCapchaImage.do.jpg,chaners,8.657841
20170720144144533091_getCapchaImage.do.jpg,newter,9.098416
20170720144121147151_getCapchaImage.do.jpg,foring,12.961114
20170720144051408523_getCapchaImage.do.jpg,babged,5.33879
20170720144111342830_getCapchaImage.do.jpg,simday,8.554214
20170720144132655965_getCapchaImage.do.jpg,regemer,5.343419
20170720144130520899_getCapchaImage.do.jpg,critied,8.531837
20170720144049008820_getCapchaImage.do.jpg,latkly,5.363449
20170720144125444946_getCapchaImage.do.jpg,unslics,6.251626
20170720144041409854_getCapchaImage.do.jpg,gotcks,10.905449
20170720144127087452_getCapchaImage.do.jpg,armthed,5.494927
20170720144125054987_getCapchaImage.do.jpg,paiter,8.660856
20170720144122046590_getCapchaImage.do.jpg,froton,5.304808
20170720144054796628_getCapchaImage.do.jpg,metders,8.547779
20170720144123770340_getCapchaImage.do.jpg,spoper,5.302526
20170720144042496977_getCapchaImage.do.jpg,pulrest,5.387544
20170720144029921608_getCapchaImage.do.jpg,burler,8.708045
20170720144045567274_getCapchaImage.do.jpg,eveting,5.340524
20170720144035786550_getCapchaImage.do.jpg,whiting,10.74287
20170720144113016367_getCapchaImage.do.jpg,angged,8.567137
20170720144049335225_getCapchaImage.do.jpg,pleing,8.528015
20170720144059653411_getCapchaImage.do.jpg,heapers,7.128203
20170720144041687237_getCapchaImage.do.jpg,curers,13.106374
20170720144040025629_getCapchaImage.do.jpg,plaest,16.174399
20170720144128272159_getCapchaImage.do.jpg,steted,8.562505
20170720144042362241_getCapchaImage.do.jpg,stoner,5.358232
20170720144028999284_getCapchaImage.do.jpg,staing,5.397238
20170720144119148848_getCapchaImage.do.jpg,debing,5.384856
20170720144106360363_getCapchaImage.do.jpg,anyned,13.073559
20170720144025884024_getCapchaImage.do.jpg,snawed,16.180918
20170720144141059194_getCapchaImage.do.jpg,potsts,33.413623
20170720144131225610_getCapchaImage.do.jpg,ligking,16.179309
20170720144103546852_getCapchaImage.do.jpg,outced,8.539395
20170720144026776181_getCapchaImage.do.jpg,batger,8.584344
20170720144035722148_getCapchaImage.do.jpg,unsdays,5.370412
20170720144109957843_getCapchaImage.do.jpg,timmers,8.592453
20170720144108467329_getCapchaImage.do.jpg,traezes,8.531163
20170720144107679131_getCapchaImage.do.jpg,sideras,8.601456
20170720144038942610_getCapchaImage.do.jpg,thrings,8.585245
20170720144141997488_getCapchaImage.do.jpg,bedning,8.577539
20170720144124235620_getCapchaImage.do.jpg,tesics,5.348851
20170720144103823667_getCapchaImage.do.jpg,metghly,8.563365
20170720144024336937_getCapchaImage.do.jpg,clother,10.809414
20170720144100632319_getCapchaImage.do.jpg,balling,5.324897
20170720144127287473_getCapchaImage.do.jpg,sloling,11.25239
20170720144114692257_getCapchaImage.do.jpg,tilled,13.014134
20170720144140878829_getCapchaImage.do.jpg,humring,10.79547
20170720144100768994_getCapchaImage.do.jpg,rnadork,8.6018
20170720144121369429_getCapchaImage.do.jpg,raioth,13.755686
20170720144126168760_getCapchaImage.do.jpg,everter,10.715451
20170720144131770318_getCapchaImage.do.jpg,wheeder,12.977381
20170720144040940053_getCapchaImage.do.jpg,folaing,12.987313
20170720144041957483_getCapchaImage.do.jpg,auriies,5.311075
20170720144137195333_getCapchaImage.do.jpg,eveams,8.735916
20170720144113143375_getCapchaImage.do.jpg,masling,16.565346
20170720144109111276_getCapchaImage.do.jpg,verging,8.573254
20170720144028866957_getCapchaImage.do.jpg,auging,8.565473
20170720144122257198_getCapchaImage.do.jpg,flofing,5.403723
20170720144129679299_getCapchaImage.do.jpg,manics,8.597037
20170720144053394004_getCapchaImage.do.jpg,folter,8.591605
20170720144059785140_getCapchaImage.do.jpg,sonving,5.316423
20170720144059917248_getCapchaImage.do.jpg,warlows,8.569895
20170720144041557997_getCapchaImage.do.jpg,whiued,5.334134
20170720144055376625_getCapchaImage.do.jpg,limsted,8.586071
20170720144058562593_getCapchaImage.do.jpg,goiting,12.997303
20170720144137964417_getCapchaImage.do.jpg,whiads,8.572623
20170720144025949961_getCapchaImage.do.jpg,letuids,12.941015
20170720144050529827_getCapchaImage.do.jpg,neakers,8.55553
20170720144118593354_getCapchaImage.do.jpg,sorunt,8.551888
20170720144032777548_getCapchaImage.do.jpg,TRUDED,8.576325
20170720144049079306_getCapchaImage.do.jpg,timtter,5.373471
20170720144034224828_getCapchaImage.do.jpg,taxdens,5.334715
20170720144031788175_getCapchaImage.do.jpg,givsted,8.578165
20170720144057316357_getCapchaImage.do.jpg,sisves,8.529246
20170720144039653679_getCapchaImage.do.jpg,rayson,5.360416
20170720144108531115_getCapchaImage.do.jpg,bricks,8.594527
20170720144056238044_getCapchaImage.do.jpg,foramid,16.408373
20170720144053212392_getCapchaImage.do.jpg,resned,5.314772
20170720144037932958_getCapchaImage.do.jpg,cryeted,13.00064
20170720144112547300_getCapchaImage.do.jpg,wincks,8.558663
20170720144116556501_getCapchaImage.do.jpg,voicken,10.76108
20170720144109424238_getCapchaImage.do.jpg,hanking,5.279446
20170720144136137232_getCapchaImage.do.jpg,shages,5.563011
20170720144058291047_getCapchaImage.do.jpg,cleeen,5.432185
20170720144128080594_getCapchaImage.do.jpg,awaves,8.87341
20170720144059850228_getCapchaImage.do.jpg,golned,5.343422
20170720144058036397_getCapchaImage.do.jpg,garwers,5.411681
20170720144138964559_getCapchaImage.do.jpg,guiker,5.400656
20170720144024210035_getCapchaImage.do.jpg,poogust,13.065418
20170720144024682782_getCapchaImage.do.jpg,fornacs,10.836735
20170720144049401269_getCapchaImage.do.jpg,wasers,8.498448
20170720144055241981_getCapchaImage.do.jpg,goying,30.378361
20170720144025123495_getCapchaImage.do.jpg,whided,8.312749
20170720144109227533_getCapchaImage.do.jpg,foring,8.601623
20170720144111562818_getCapchaImage.do.jpg,royilla\,8.618888
20170720144128629741_getCapchaImage.do.jpg,secger,8.495751
20170720144027054433_getCapchaImage.do.jpg,powrds,10.831781
20170720144026915178_getCapchaImage.do.jpg,mempier,5.331296
20170720144045631026_getCapchaImage.do.jpg,coleing,11.257242
20170720144001856409_getCapchaImage.do.jpg,Sanping,13.106765
20170720144053079406_getCapchaImage.do.jpg,rinred,5.341682
20170720144035227338_getCapchaImage.do.jpg,dankers,13.442448
20170720144140306934_getCapchaImage.do.jpg,islret,8.58303
20170720144024474968_getCapchaImage.do.jpg,snoking,12.975751
20170720144144714178_getCapchaImage.do.jpg,minands,8.545696
20170720144120705178_getCapchaImage.do.jpg,burent,8.604061
20170720144029792761_getCapchaImage.do.jpg,moting,5.392464
20170720144058420159_getCapchaImage.do.jpg,deeuped,8.600887
20170720144034459799_getCapchaImage.do.jpg,siging,5.383997
20170720144120769581_getCapchaImage.do.jpg,aurings,8.568808
20170720144121844398_getCapchaImage.do.jpg,potium,8.628742
20170720144108784845_getCapchaImage.do.jpg,angned,13.065513
20170720144054215782_getCapchaImage.do.jpg,amoters,5.36041
20170720144123382839_getCapchaImage.do.jpg,shasses,5.430228
20170720144143549519_getCapchaImage.do.jpg,winend,16.204613
20170720144044105212_getCapchaImage.do.jpg,litter,8.613273
20170720144122751648_getCapchaImage.do.jpg,wingers,5.388108
20170720144045766251_getCapchaImage.do.jpg,slltest,10.744993
20170720144112293719_getCapchaImage.do.jpg,helked,8.566016
20170720144115222107_getCapchaImage.do.jpg,dusser,10.790252
20170720144049272153_getCapchaImage.do.jpg,yelker,10.743266
20170720144124367660_getCapchaImage.do.jpg,wooting,5.344749
20170720144054307746_getCapchaImage.do.jpg,guiased,10.763246
20170720144131295845_getCapchaImage.do.jpg,indiner,10.765989
20170720144111130414_getCapchaImage.do.jpg,dowcher,10.735302
20170720144132588019_getCapchaImage.do.jpg,folmers,5.336812
20170720144106422892_getCapchaImage.do.jpg,deskes,8.544553
20170720144124713499_getCapchaImage.do.jpg,fatner,8.591261
20170720144038692217_getCapchaImage.do.jpg,cirmly,8.543911
20170720144129548150_getCapchaImage.do.jpg,thived,16.206528
20170720144144001718_getCapchaImage.do.jpg,louted,8.558607
20170720144130721589_getCapchaImage.do.jpg,Seeorie,13.034013
20170720144048781057_getCapchaImage.do.jpg,sidaged,5.361483
20170720144141386838_getCapchaImage.do.jpg,comying,8.540769
20170720144047095313_getCapchaImage.do.jpg,lifcken,13.563857
20170720144043509075_getCapchaImage.do.jpg,mussen,5.499399
20170720144142181894_getCapchaImage.do.jpg,hoonas,5.352267
20170720144052947615_getCapchaImage.do.jpg,redioca,5.34118
